[
  {
      "ParameterKey": "ProxyUsername",
      "ParameterValue": "dbr-user"
  },
  {
    "ParameterKey": "ProxyPass",
    "ParameterValue": "QhZ0@Ab1sPiBObzGiT97"
  },
  {
    "ParameterKey": "SSHLocation",
    "ParameterValue": "54.239.6.0/24"
  },
  {
    "ParameterKey": "KeyName",
    "ParameterValue": "lz-billing-kp-eu-west-1"
  },
  {
    "ParameterKey": "ElasticsearchDomainName",
    "ParameterValue": "lz-dbr-domain"
  },
  {
    "ParameterKey": "ClusterSize",
    "ParameterValue": "Small"
  },
  {
    "ParameterKey": "DBRBucketInput",
    "ParameterValue": "No"
  },
  {
    "ParameterKey": "DBRBucketName",
    "ParameterValue": ""
  },
  {
    "ParameterKey": "VPCCidrparameter",
    "ParameterValue": "10.250.0.0/16"
  },
  {
    "ParameterKey": "Subnet1Cidrparameter",
    "ParameterValue": "10.250.250.0/24"
  },
  {
    "ParameterKey": "Subnet2Cidrparameter",
    "ParameterValue": "10.250.251.0/24"
  },
  {
    "ParameterKey": "SendAnonymousData",
    "ParameterValue": "No"
  }
]
