[
  {
      "ParameterKey": "ADServer1InstanceType",
      "ParameterValue": "t2.large"
  },
  {
    "ParameterKey": "ADServer1NetBIOSName",
    "ParameterValue": "DC1"
  },
  {
    "ParameterKey": "ADServer1PrivateIP",
    "ParameterValue": "10.0.0.10"
  },
  {
    "ParameterKey": "ADServer2InstanceType",
    "ParameterValue": "t2.large"
  },
  {
    "ParameterKey": "ADServer2NetBIOSName",
    "ParameterValue": "DC2"
  },
  {
    "ParameterKey": "ADServer2PrivateIP",
    "ParameterValue": "10.0.32.10"
  },
  {
    "ParameterKey": "AvailabilityZones",
    "ParameterValue": "eu-west-1a,eu-west-1b"
  },
  {
    "ParameterKey": "DomainAdminPassword",
    "ParameterValue": "1Nb%B8vTJITcBWgcDPWhCVQiMClmo^ks"
  },
  {
    "ParameterKey": "DomainAdminUser",
    "ParameterValue": "StackAdmin"
  },
  {
    "ParameterKey": "DomainDNSName",
    "ParameterValue": "landingzone-op.aws"
  },
  {
    "ParameterKey": "DomainNetBIOSName",
    "ParameterValue": "landingzone-op"
  },
  {
    "ParameterKey": "KeyPairName",
    "ParameterValue": "lz-sharedserv-kp-eu-west-1"
  },
  {
    "ParameterKey": "PrivateSubnet1CIDR",
    "ParameterValue": "10.0.0.0/19"
  },
  {
    "ParameterKey": "PrivateSubnet2CIDR",
    "ParameterValue": "10.0.32.0/19"
  },
  {
    "ParameterKey": "PublicSubnet1CIDR",
    "ParameterValue": "10.0.128.0/20"
  },
  {
    "ParameterKey": "PublicSubnet2CIDR",
    "ParameterValue": "10.0.144.0/20"
  }
  ,
  {
    "ParameterKey": "QSS3BucketName",
    "ParameterValue": "quickstart-reference"
  },
  {
    "ParameterKey": "QSS3KeyPrefix",
    "ParameterValue": "microsoft/activedirectory/latest/"
  },
  {
    "ParameterKey": "RestoreModePassword",
    "ParameterValue": "3iW4Ld&rX2K7Z@#yTo3xj5NN9YYMoHNU"
  },
  {
    "ParameterKey": "VPCCIDR",
    "ParameterValue": "10.0.0.0/16"
  },
  {
    "ParameterKey": "DSAvailabilityZones",
    "ParameterValue": "eu-west-1a,eu-west-1b"
  },
  {
    "ParameterKey": "DSDomainAdminPassword",
    "ParameterValue": "iYozbbIBinxJm1s1DXjslfcv4R9&d#2V"
  },
  {
    "ParameterKey": "DSDomainDNSName",
    "ParameterValue": "landingzone.aws"
  },
  {
    "ParameterKey": "DSDomainNetBIOSName",
    "ParameterValue": "landingzone"
  },
  {
    "ParameterKey": "DSKeyPairName",
    "ParameterValue": "lz-sharedserv-kp-eu-west-1"
  },
  {
    "ParameterKey": "DSPrivateSubnet1CIDR",
    "ParameterValue": "10.1.0.0/19"
  },
  {
    "ParameterKey": "DSPrivateSubnet2CIDR",
    "ParameterValue": "10.1.32.0/19"
  },
  {
    "ParameterKey": "DSPublicSubnet1CIDR",
    "ParameterValue": "10.1.128.0/20"
  },
  {
    "ParameterKey": "DSPublicSubnet2CIDR",
    "ParameterValue": "10.1.144.0/20"
  },
  {
    "ParameterKey": "DSNumberOfRDGWHosts",
    "ParameterValue": "1"
  },
  {
    "ParameterKey": "DSRDGWInstanceType",
    "ParameterValue": "t2.large"
  },
  {
    "ParameterKey": "DSVPCCIDR",
    "ParameterValue": "10.1.0.0/16"
  },
  {
    "ParameterKey": "DSRDGWCIDR",
    "ParameterValue": "10.1.160.0/24"
  }
]
